,0,1,2,3,4
0,2nd圣遗物（旧）,"
254
","
59
",攻击时附带50点雷电元素伤害,攻击的SP回复速度提高35%
0,索尔之锤,"
298
","
6
","【能量消耗：18】【冷却：13秒】
砸下雷锤击倒敌人，造成405%攻击力的物理伤害，并让敌人陷入脆弱状态，降低80%防御，持续4.00秒",暴击率提高15%
0,超电磁手炮,"
287
","
19
","【能量消耗：16】【冷却：18秒】
对目标大范围敌人造成2300点雷电元素伤害并麻痹4.00秒",击中时有3.0%概率使目标进入麻痹状态，无法移动和攻击，持续2.50秒
0,烈焰毁灭者,"
276
","
32
","【能量消耗：20】【冷却：9秒】
将面前小范围的敌人击飞浮空造成100%攻击力的物理伤害，目标会在短时间后以自身为中心产生爆炸，爆炸将造成1888点火焰元素伤害并将受击者点燃，每0.5秒造成196点火焰元素伤害，持续4.5秒",场上每多1个处于点燃状态的敌人，自身每次攻击附加41点额外火焰元素伤害，可叠加五次
0,光与影,"
270
","
39
","【能量消耗：20】【冷却：20秒】
释放冰球拖走途径敌人，最终产生大范围爆炸冻结区域内敌人，并每隔0.9秒造成850点冰冻元素伤害，持续4秒",普通攻击(包括分支和蓄力)破盾瞬间爆发寒气，使目标及周围小范围敌人移动速度降低84%持续4秒
0,连山守护,"
285
","
22
","【能量消耗：20】【冷却：20秒】
释放全屏结界，目标敌人(对Boss释放无效)陷入虚弱状态降低70%攻击力，目标外敌人全部被禁锢并陷入时间停止，目标外敌人无法被锁定且受到伤害大幅降低;结界持续10秒",对虚弱敌人全伤害提高50%
0,能量跃迁者,"
276
","
32
",【能量消耗：14】【冷却：16秒】向后方瞬移，原地丢下一个眩晕弹，眩晕弹爆炸造成350%攻击力的物理伤害，并创造4.5秒的眩晕力场。,进入全局时空断裂后，提高自身80%攻击速度与25%暴击率，持续4秒。时空断裂结束后增益效果将被移除。
0,雷刀·鬼角（旧）,"
264
","
47
","【能量消耗：16】【冷却：25秒】
发射出鬼火附身目标，每0.5秒对目标及其周围敌人造成640点雷电元素伤害，持续8秒",攻击时额外造成伤害30%的雷电元素伤害。爆发状态下命中敌人时候使其陷入感电状态，受到的雷电元素伤害提高60%，持续7秒
0,原型·妖精之弓,"
279
","
35
","【能量消耗：18】【冷却：0秒】
发射风压弹，对直线上所有敌人造成2次110%攻击力的物理伤害。如果风压弹至少命中一名处于流血状态的敌人，则回复使用者10点SP",角色移动速度提高25%，攻击速度提高25%
0,3rd圣遗物,"
254
","
59
",爆发状态下物理伤害提高30%,"连击数大于20,50,100时，物理伤害分别提高20%，30%，40%"
0,雷切,"
265
","
46
","【能量消耗:18】【  冷却:25秒】
给全场友方(包括分身)召唤灵体刀刃保护层，提高50%防御，并对切割到的敌人造成每0.25秒320点雷电元素伤害，持续6.00秒",角色受到直接或间接伤害(点燃流血等)时，有40%概率降低600点受到的伤害
0,磁暴·斩,"
298
","
6
","【能量消耗:20】【冷却:15秒】
冲刺并释放出两波磁暴能量进行横扫，每次造成1920点雷电元素伤害，并将敌人麻痹2.50秒",雷电元素伤害提高40%
0,反力场打刀11式,"
282
","
26
","【能量消耗:20】 【冷却:20秒】
释放出红色黑洞吸引敌人并将其切开对范围内敌人造成80%攻击力物理伤害并使敌人进入流血状态，爆发出的能量在对其造成多段每段20%攻击力伤害;流血状态每0.5秒造成300点伤害，持续4.60秒",对被时空减速的敌人造成物理伤害提高20%
0,虚无之刃,"
267
","
43
","【能量消耗:15】  【冷却:20秒】
创造一个跟随自身移动的区域时空减速，持续6.00秒，期间提高普通攻击(包括分支和蓄力)的暴击率30.0%","一次性消耗SP至少10,40,70时，物理伤害分别提高15%，30%，45%，持续8秒，同效果不叠加"
0,丹朱剑,"
272
","
38
","[能量消耗:15][冷却:12秒]
召唤一只火精灵，向近处目标发射火弹，每颗火弹对小范围内敌人造成960点火焰元素伤害，火精灵持续10秒，可充能2次",攻击时有5.0%概率触发以自身为圆心的火焰剑气，将对周围的敌人点燃，每0.5秒造成188点火焰元素伤害，持续3秒
0,高周波切割刀,"
272
","
38
","【能量消耗:14】  【冷却:11秒】
向目标瞬移并释放小范围禁锢力场，被力场禁锢的敌人防御力降低80%，并每隔0.4秒受到234点雷电元素伤害;力场持续4秒",暴击时有50.0%概率将目标浮空并时空锁定3秒，冷却时间6.00秒
0,藏锋,"
287
","
27
",攻击时有8.0%概率将目标和周围敌人麻痹3秒，冷却时间为6秒,极限闪避成功后获得电磁充能，5秒内首次攻击命中时消耗电磁充能并对目标敌人造成4000点雷电元素伤害和4000点物理伤害。获得电磁充能后1.5秒内无法再次获得电磁充能
0,仿灵刀·冰昙天,"
265
","
46
","【能量消耗:5 】 【冷却:18秒】
在脚下生成半径3.5米的极寒区域，在区域内己方单位造成的冰冻元素伤害增加40.0%，持续10.0秒，处于极寒区域的敌人获得6秒后引爆的极寒炸弹，炸弹引爆后造成981点冰冻元素伤害",提升15.0%元素伤害，每隔5秒获得一次充能，下一次攻击对半径5米内的敌人附加1260点冰冻元素伤害，御神装·勿忘装备时，额外回复200点动能
0,灵刀·樱吹雪（旧）,"
288
","
18
","【能量消耗：15】【冷却：12秒】
向前方冲刺一段距离，对击中的敌人造成400%攻击力物理伤害，并使带有绯樱标记的敌人进入眩晕状态3.5秒，逆神巫女装备时，额外对目标进行一次绯樱计数，技能可充能2次。",攻击时有100%概率释放一个向前的刀波，造成200.0%攻击力的物理伤害，敌人有绯樱标记火绯樱标记计数时，刀波物理攻击伤害提高1920点，刀波冷却时间4.8秒;逆神巫女装备时，刀波对敌人进行一次绯樱计数
0,妖精剑·希尔文,"
275
","
36
","【能量消耗:17】 【 冷却:38秒】
展开结界，结界中队友攻击速度提高25%，移动速度提高20%，攻击时全伤害提高10%，持续20秒",根据角色的移动速度加成提高角色攻击造成的全伤害，每10%移动速度加成提高5.0%全伤害(加成最高可达50%);角色的移动速度提高30%
0,雨后誓言,"
287
","
29
","【能量消耗:16】【冷却:18秒】
撑开的雨伞向前飞舞，并向周围散发冰晶，对周围大范围内敌人造成弓24*30.0%攻击力冰冻元素伤害，并降低敌人40%的攻速与移速，持续5.00秒",对移速受损的敌人造成的物理伤害提高20.0%;连击数大于50时，全伤害提高20.0%
0,5th圣遗物,"
254
","
59
",炮弹爆炸时产生额外子弹头，三层蓄力分别产生2、4、9个，每个弹头造成30%攻击力物理伤害,"蓄力炮，一层:单发炮弹，二层:双发更强炮弹，三层:三发超强炮弹
连击数超过15时，角色造成的物理伤害提高20%"
0,百手巨人初型,"
298
","
6
","【能量消耗：18】 【冷却:24秒】
在前方区域爆裂开区域时空陷阱区域内敌人受到时空减速并降低50%防御力，持续6.20秒","锁定多目标发射导弹，蓄力较长,多发打中同一目标会少量衰减，蓄力一层:3发，二层:7发，三层:15发。
导弹命中时有10%概率随机使敌人眩晕/麻痹/冻结2秒并额外造成1333点火焰/雷电/冰冻元素伤害。"
0,重装小兔19C,"
287
","
19
",速射武器，使用光束对直线目标造成持续伤害持续攻击会过热。距离光束核心越近伤害越高，小于3米时达到最大伤害;对普通敌人造成的全伤害提高60%,杀死敌人时有60%概率在3秒内使角色造成的物理伤害提高75%
0,核心技能炮Delta,"
282
","
26
","【能量消耗：20】【冷却：20秒】
释放缓慢前进的能量球，对途径敌人造成多段每段640点雷电元素伤害，并麻痹3.60秒",速射武器，使用光束对直线目标造成持续伤害持续攻击会过热。距离光束核心越近伤害越高，小于3米时达到最大伤害;对麻痹状态的敌人造成的全伤害提高16%
0,尤弥尔之腕,"
294
","
11
","【能量消耗:18】 【冷却:14秒】
发出震荡版将周围以及前方大范围区域敌人击飞并使其降低70%移动与攻击速度，持续3秒，震荡波造成12*40%攻击力的物理伤害，主动技能释放后提高自身60%攻速与移速，持续5秒","蓄力炮，一层:单发炮弹，二层:双发更强炮弹，三层:三发超强炮弹
与敌人越远，造成的远程伤害越高每米提高4%物理伤害，最多计算8次"
0,,"

","

","【能量消耗：6】【冷却：8秒】
武器在火、雷、冰三元素间变形切换，分别使用相应元素蕴含的力量毁灭敌人","火:蓄力发射火球，击中有30%概率点燃敌人，每0.5秒造成298点火焰元素伤害，持续3秒
雷:蓄力释放充能雷珠自动寻找敌人爆炸，击中有15.0%概率额外造成15.0%攻击力的雷电元素爆炸并使敌人脆弱，降低60%护甲，持续3秒
冰:发射持续的冰雾，击中有5.0%概率减缓敌人50%的攻击与移动速度，持续3秒"
0,蚩尤巨炮,"
294
","
11
","【能量消耗：25】【冷却：20秒】
发出寒冰震荡波，将周身敌人封锁至黑冰中产生冻结效果，每0.9秒对黑冰中的敌人造成960点冰冻元素伤害，并回复技能释放者100点HP，黑冰封锁4秒","超重炮,蓄力时间很长，普攻物理伤害提高100%。一层:单发炮弹，二层:双发更强炮弹，三层:三发超强炮弹。每多一个冻结状态的敌人，蓄力速度提高20.0%，最多叠加10层"
0,量子毁灭者Ⅱ型,"
280
","
27
","【能量消耗：20】【冷却：20秒】
向后方瞬移，在原地炸开一个短时黑洞吸引周围敌人，并同时创造出减速力场，力场中的敌人降低60%移速，每隔0.6秒受到188点冰冻元素伤害;减速力场持续6秒",速射武器，使用光束对直线目标造成持续伤害持续攻击会过热。距离光束核心越近伤害越高，小于3米时达到最大伤害;对被时空减速的敌人造成物理伤害提高35%
0,火刀·真田,"
275
","
34
","【能量消耗：20】【冷却：120秒】
提高100%攻击速度，持续12.00秒","锁定多目标发射导弹，蓄力较长,多发打中同一目标会少量衰减，蓄力一层:3发，二层:7发，三层:15发。导弹命中敌人时额外造成56点火焰元素伤害，并引发延迟爆炸，造成490点范围火焰元素伤害"
0,提尔的断腕,"
282
","
26
","【能量消耗：19】【冷却：9秒】
立即释放一次三段蓄力炮击，并使被命中的敌人流血，每0.5秒造成315点物理伤害，持续7秒","蓄力炮，一层:单发炮弹，二层:双发更强炮弹，三层:三发超强炮弹
普通攻击和蓄力攻击精英护盾被击破的敌人造成的物理伤害提高30%"
0,歼星者19C,"
283
","
31
","【能量消耗：20】【冷却：12秒】
直接释放散弹炮，向目标发射18枚散射型火炮，每发造成75.0%攻击力物理伤害并浮空敌人，使敌人进入点燃状态，每0.5秒造成600点火焰元素伤害，持续4秒","锁定多目标发射导弹，多发打中同一目标会少量衰减，蓄力一层:2发二层:5发，三层:11发;使用导弹或散弹炮从敌人身后击中时,暴击伤害提高40%，每击额外造成400点火焰元素伤害"
0,尼德霍格翼爪,"
272
","
38
","【能量消耗：25】【冷却：12秒】
手持电锯刺向敌人，对范围内敌人造成24*32%攻击力的物理伤害，最后抽出武器将周围敌人震开造成325%攻击力的物理伤害;造成伤害期间自身无敌",攻击敌人有10.0%概率造成流血，每0.5秒造成152点物理伤害，持续3秒
0,7th圣遗物,"
263
","
48
","【能量消耗:18】【冷却:24秒】
先后挥出两道剑气，对途径敌人造成最高8*25%攻击力的物理伤害，刀波交叉为十字时爆炸，造成350%攻击力的物理伤害并将敌人眩晕6.00秒",攻击处于眩晕状态的敌人后，4秒自身提高50.0%攻击速度和25%暴击率，触发冷却时间8秒。
0,鲜血之舞,"
289
","
17
","【能量消耗:20】  【冷却:15秒】
斩出一道鲜血龙卷卷走敌人，造成9*35%攻击力的物理伤害并使敌人进入血狂状态，状态内敌人攻速翻倍，受到元素伤害提高60%；血狂状态持续9.00秒",连击数大于15，物理伤害提高30%；不在场时，若HP小于50%，每0.5秒回复30.0点HP
0,日炎大剑,"
280
","
27
","【能量消耗:20】 【冷却:12秒】
跃身而起在目标处直接下落浮空周围敌人造成2890点火焰元素伤害并点燃，每0.5秒造成308点火焰元素伤害，持续6秒",火焰元素伤害提高30%
0,极光斩舰刀,"
289
","
17
","【能量消耗:20】【冷却:18秒】
向前方下劈，放出电磁风暴击倒敌人，范围内敌人受到2333点雷电元素伤害并附加感电效果，7秒内受到雷电元素伤害提高50%",攻击额外附加80点雷电元素伤害，对麻痹状态敌人暴击率提高30%
0,,"

","

","【能量消耗：15】【冷却：12秒】
""连续使用可依次放出雷电、火焰与冰冻元素的招式，各造成239%物理与239%相应元素叠加的伤害分别可麻痹、点燃与冻结敌人;技能可充能三次;
使用主动技后一段时间内(雷火冰分别4、7、10秒)自身攻击附加448点相应元素伤害，不叠加""",被攻击时会随机选择目标发射两发灵体轩辕剑，穿透并击飞沿途敌人并造成160%攻击力的物理伤害，冷却时间5.03秒
0,牛鬼切·长光,"
289
","
17
",进入冲刺跑时开始积蓄能量，持续冲刺跑满0.5秒、1.5秒、3秒，以该次打出的冲刺攻击击中的第一个敌人为中心产生爆发，分别造成400%、600%、800%、攻击力的物理伤害,连击数不大于5时，物理伤害提升32.0%
0,巴鲁蒙格,"
285
","
32
","【能量消耗:20】 【冷却:25秒】
提高角色25.0%物理伤害，且所有极意斩均变为强化极意斩，持续8秒",攻击时释放极意斩攻击前方敌人，造成80%攻击力的物理伤害，有15%概率改为强化极意斩，造成160%攻击力的物理伤害，极意斩有0.8秒的最短触发间隔
0,仿犹大·血之拥抱,"
265
","
46
","【能量消耗:24 】【冷却:10秒】
召唤武器并展开:将范围内敌人击打浮空后，2秒内，每隔0.25秒进行一次斩击;浮空与每下斩击各造成200.0%攻击力的物理伤害,斩击使敌人进入流血状态，每0.5秒受到760点物理伤害，持续5秒",角色自身对流血状态的敌人造成的物理伤害提高40.0%
0,11th圣遗物,"
274
","
41
","【能量消耗：18】【冷却：15秒】
召唤武器并展开:10秒内，范围内己方角色暴击率提高10.0%，并每隔1秒随机向范围内敌人落下剑雨，剑雨对小范围敌人造成5*50.0%攻击力物理伤害",角色自身攻击脆弱状态敌人时有40.0%概率回复全队74点HP，冷却时间3秒
0,沙漠之鹰,"
128
","
2
","【能量消耗：10】【冷却：10秒】
对一条线上的敌人造成340%攻击力的物理伤害，可充能两次",
0,柯尔特·捍卫者,"
144
","
25
","【能量消耗：7】【冷却：12秒】
将目标小范围内敌人击晕，持续3秒",
0,柯尔特巨蟒·改,"
128
","
2
","【能量消耗：5】【冷却：10秒】
使目标小范围敌人移动与攻击速度降低60%持续4.5秒",
0,水妖精Ⅰ型,"
163
","
38
","攻击浮空状态目标时,物理伤害提高40%",
0,水妖精Ⅱ型,"
169
","
29
","【能量消耗：9】【冷却：13秒】
发射冰冻散射子弹,将范围内敌人冻结3.8秒",
0,火妖精Ⅰ型,"
188
","
3
","击中时有10%概率点燃目标,每0.5秒造成120火焰元素伤害,持续2.07秒",
0,火妖精Ⅱ型,"
182
","
12
","【能量消耗：18】【冷却：12秒】
发射爆裂榴弹，对爆炸范围敌人造成250%攻击力的物理伤害，并每0.5秒造成115点火焰元素伤害，持续3秒，可充能两次",
0,试做型脉冲手枪,"
146
","
29
","【能量消耗：8】【冷却：15秒】
强化武器，提高32%普通攻击（包括分支和蓄力）物理伤害，持续5秒",
0,月神之守护,"
169
","
29
","【能量消耗：12】【冷却：12秒】
将目标周围敌人浮空并时空锁定，持续3.30秒",
0,莫辛纳甘日轮,"
180
","
13
","【能量消耗：12】【冷却：18秒】
周身范围燃气火焰，每隔0.25秒对范围内敌人造成320火焰元素伤害，持续6秒",
0,燃烧之羽,"
176
","
20
",击中目标时有6%概率造成爆炸，对目标周围的敌人产生480点火焰元素伤害,
0,轩辕·脉冲手枪,"
165
","
16
","【能量消耗：18】【冷却：12秒】
向前连射六发雷电穿透子弹,分别造成233点雷电元素伤害并使目标脆弱4秒，降低60%防御",
0,暗耀者手炮,"
179
","
16
","远程物理伤害提高30%,但与敌人距离越远伤害越低，每1米降低10%，最多降低80%。角色移动速度提高10%",
0,凤枪,"
158
","
25
","攻击有25%概率点燃敌人,每0.5秒造成160点火焰元素伤害,持续2.5秒,冷却时间7秒。队伍中有芽衣时，同时点燃目标周围小范围所有敌人",
0,圣枪·卡莲,"
183
","
10
","角色被攻击时吸收40%所受伤害同时发动圣光冲击,对周围敌人造成角色攻击力290%的物理伤害并降低其75%攻速，持续4.5秒。冷却时间15秒",
0,合金·飓风左轮,"
158
","
24
","【能量消耗：15】【冷却：20秒】
以自身为中心旋转多次切割敌人，每次切割造成178点冰冻元素伤害，最终爆发造成240%攻击力物理伤害",
0,合金·支配者手枪,"
169
","
10
","【能量消耗：19】【冷却：10秒】
借用强大的机械力量打出上勾拳，对范围内敌人造成多段每次40%攻击力的物理伤害，并附加95点火焰元素伤害",
0,法尔尼夫爆炎,"
248
","
43
","【能量消耗：15】【冷却：10秒】
以自身为中心产生三次炎爆炸飞敌人，每次造成240%攻击力的物理伤害并点燃敌人，每0.5秒造成400点火焰元素伤害，持续3秒",爆发状态下物理伤害提高18%，被击中或发动极限闪避时，触发主动技能的单次爆炸，触发冷却时间5秒
0,赤鸢之翼,"
259
","
30
","【能量消耗：30】【冷却：25秒】
火流星从燃烧的天空中纷纷落下，砸向地面随机敌人，爆炸造成90%攻击力的物理伤害,并将敌人点燃，每0.5秒造成97点火焰元素伤害，持续1.5秒；火流星雨持续12秒",持续攻击同一目标(2.5秒未攻击将会重置目标)，每次攻击提高2.0%暴击率，5.0%暴击伤害，最多分别提高20%，50%
0,簒夺者手炮,"
272
","
27
","【能量消耗：15】【冷却：15秒】
发射次声波对近身敌人造成380%攻击力的物理伤害，被次声波击中的敌人进入虚弱状态，攻击力降低60%，持续6.0秒",远程物理伤害提高40%，但与敌人距离越远伤害越低，每1米降低10%，最多降低80%
0,灵枪·八重,"
267
","
21
","【能量消耗：21】【冷却：14秒】
对目标周围敌人进行七段强力隔空斩击，每一击造成77%攻击力的物理伤害，并禁锢敌人3.7秒",全局时空断裂中攻击命中目标时使目标流血，每0.5秒造成47%攻击力的物理伤害，持续5.7秒
0,飓风左轮,"
224
","
39
","【能量消耗：24】【冷却：30秒】
以自身为中心旋转多次切割敌人，每次切割造成174点冰冻元素伤害，最终爆发造成300%攻击力物理伤害，并将敌人减速60%，持续1.50秒，自转期间可自由移动","击中有5.0%概率提高100%移动
速度，持续4.5秒，冷却时间10秒"
0,支配者手枪,"
244
","
16
","【能量消耗：25】【冷却：10秒】
借用强大的机械力量打出上勾拳，对范围内敌人造成多段每次50%攻击力的物理伤害，并点燃敌人，每0.5秒造成149点火焰元伤害，持续2.10秒",击中附带25点火焰元素伤害
0,妖刀村正,"
128
","
2
","【能量消耗：3】【冷却：4秒】
射出一把灵体刀剑，对敌人造成50%攻击力的物理伤害，并在3秒内每0.5秒造成62点流血伤害，可充能3次",
0,复合刀·朱雀,"
114
","
25
","【能量消耗：10】【冷却：7秒】
挥出火焰地波，爆炸造成100%攻击力物理伤害外加288点火焰元素伤害",
0,复合刀·柳叶,"
128
","
2
","【能量消耗：9】【冷却：7秒】
对目标隔空下斩，接一个大范围横斩，分别造成250%攻击力的物理伤害",
0,苗刀·电魂,"
163
","
38
",击中时附带43点雷元素伤害,
0,苗刀·雷妖,"
169
","
29
","【能量消耗：12】【冷却：12秒】
挥出锋利刀波击倒沿途敌人，造成300%攻击力的物理伤害，并削弱60%防御，持续3.00秒",
0,脉冲太刀17式,"
188
","
3
","【能量消耗：14】【冷却：12秒】
射出6把灵体刀剑，每把造成488点冰冻元素伤害，并降低敌人移动速度与攻击速度70%，持续2.5秒",
0,脉冲太刀19式,"
182
","
12
",技能开启消耗的SP降低23%(不影响释放技能需求的SP下限),
0,试做型脉冲太刀,"
146
","
29
","【能量消耗：8】【冷却：15秒】
强化武器，提高32%普通攻击(包括分支和蓄力)物理伤害，持续5秒",
0,结晶逆刃刀,"
169
","
29
","【能量消耗：10】【冷却：18秒】
释放结晶能量，将目标小范围的敌人结晶封锁并冻结，持续4.00秒",
0,热能切割刃,"
178
","
17
","【能量消耗：14】【冷却：10秒】
冲刺并释放炽热能量进行横扫造成270%攻击力的物理伤害，并将敌人点燃，每0.5秒造成375点火焰伤害，持续4秒",
0,丹樱,"
163
","
19
","【能量消耗：18】【冷却：10秒】
对周围目标敌人进行七段隔空斩击，每一击造成50%攻击力的物理伤害，敌人期间受到禁锢",
0,雷暴,"
180
","
13
","【能量消耗：10】【冷却：15秒】
挥出闪电球，对小范围敌人造成750雷电元素伤害，并麻痹2秒",
0,轩辕·脉冲太刀,"
165
","
16
","【能量消耗：14】【冷却：18秒】
释放寒冰能量，在面前爆发寒冰力场，爆发对敌人造成1024点冰冻元素伤害，力场降低敌人60%攻击移动速度，持续5秒",
0,吸能太刀,"
175
","
15
",当前SP低于SP上限的20%时，物理伤害提高17%;当SP值高于战斗中SP上限的80%时，每次攻击附带72点火焰元素伤害,
0,凰剑,"
158
","
25
",击中附带36点火焰元素伤害;队伍中有琪亚娜时，自身火焰元素伤害提高18.0%,
0,合金·暴食节刀,"
166
","
14
","SP:10  CD:15s
飞出刀刃旋风，打断途经敌人并拉到自己面前，期间每次判定造成317点物理伤害",
0,合金·疾风太刀,"
157
","
26
","【能量消耗：10】【冷却：15秒】
释放直线前进的龙卷风，卷走途径的敌人，并造成多段每次178点冰冻元素伤害",
0,等离子影秀,"
269
","
18
","【能量消耗：20】【冷却：25秒】

将离子能量化为寒气释放，将途径敌人结晶封锁造成冰冻效果，每隔0.9秒造成867点冰冻元素伤害，持续5秒",击中时附带23点冰冻元素伤害
0,,"

","

","【能量消耗：20】【冷却：18秒】
对周身敌人造成多段共400%攻击力的物理伤害，最后一集使击中的敌人进入脆弱状态，降低100%防御力，持续6秒",受击回向攻击者落雷，对小范围内敌人造成150%攻击力的雷电元素伤害并麻痹1秒，冷却时间10秒
0,暴食节刀,"
239
","
22
","【能量消耗：18】【冷却：15秒】
飞出刀刃旋风，打断途经敌人并拉到自己面前，使其眩晕1.50秒期间每次判定造成448点物理伤害",每杀死一个敌人，全队回复4点SP
0,疾风太刀,"
224
","
39
","【能量消耗:20】 【冷却:25秒】
释放出之字形移动的龙卷风，浮空并卷走途径的敌人，造成多段每次224点冰冻元素伤害，受击敌人移动速度会降低80%，持续1.80秒",击中有5.0%概率提高100%移动速度，持续4.5秒，冷却时间10秒
0,SU-22榴弹炮,"
76
","
8
",蓄力炮，一层:单发炮弹，二层:双发更强炮弹，三层:三发超强炮弹,
0,SU-30加农炮,"
121
","
14
",重炮，蓄力时间更长，普攻物理伤害提高50%。一层:单发炮弹，二层:双发更强炮弹，三层:三发超强炮弹,
0,MiG-11诱导弹,"
94
","
59
",锁定多目标发射导弹，多发打中同一目标会少量衰减，蓄力一层:2发二层:5发，三层:11发,
0,MiG-13火箭炮,"
128
","
2
","锁定多目标发射导弹，蓄力较长,多发打中同一目标会少量衰减，蓄力一层:3发，二层:7发，三层:15发",
0,,"

","

","超重炮,蓄力时间很长，普攻物理伤害提高100%。一层:单发炮弹，二层:双发更强炮弹，三层:三发超强炮弹",
0,MiG-7激光炮,"
128
","
2
",速射武器，使用光束对直线目标造成持续伤害持续攻击会过热。距离光束核心越近伤害越高，小于3米时达到最大伤害,
0,马尔科夫A型,"
163
","
38
",蓄力炮，一层:单发炮弹，二层:双发更强炮弹，三层:三发超强炮弹,击中时有60%概率使目标进入点燃状态，每0.5秒造成150伤害，持续4.10秒
0,马尔科夫C型,"
169
","
29
","【能量消耗：12】【冷却：20秒】
强化自身武器，提高75%攻击速度持续5.00秒",锁定多目标发射导弹，多发打中同一目标会少量衰减，蓄力一层:2发二层:5发，三层:11发
0,阴极子炮07式,"
188
","
3
","【能量消耗：7】【冷却：20秒】
一段时间内自身周围敌人移动与攻击速度降低80%，持续8秒",速射武器，使用光束对直线目标造成持续伤害持续攻击会过热。距离光束核心越近伤害越高，小于3米时达到最大伤害
0,阴极子炮09式,"
182
","
12
",速射武器，使用光束对直线目标造成持续伤害持续攻击会过热。距离光束核心越近伤害越高，小于3米时达到最大伤害,击中时有1.5%概率使目标进入麻痹状态，无法移动和攻击，持续3.00秒
0,试做型脉冲火炮,"
146
","
29
","【能量消耗：8】【冷却：15秒】
强化武器，提高32%普通攻击(包括分支和蓄力)物理伤害，持续5秒",蓄力炮，一层:单发炮弹，二层:双发更强炮弹，三层:三发超强炮弹
0,突袭者分裂导弹,"
169
","
29
","【能量消耗：6】【冷却：15秒】
提高自身移动速度100%，持续6.00秒",锁定多目标发射导弹，多发打中同一目标会少量衰减，蓄力一层:2发二层:5发，三层:11发
0,X-01青眼巨蟒,"
178
","
17
","【能量消耗：12】【冷却：20秒】
6.50秒内，自身攻击可降低受击者60%移动速度与攻击速度效果持续3.5秒","锁定多目标发射导弹，蓄力较长,多发打中同一目标会少量衰减，蓄力一层:3发，二层:7发，三层:15发"
0,冰吼,"
166
","
34
",重炮，蓄力时间更长，普攻物理伤害提高50%。一层:单发炮弹，二层:双发更强炮弹，三层:三发超强炮弹,击中的敌人有40.0%概率被冻结3秒，冷却时间9.00秒
0,轩辕·脉冲火炮,"
165
","
16
","【能量消耗：18】【冷却：10秒】
释放缓慢漂浮的大火球，爆炸造成420%攻击力的火焰元素伤害并点燃，每0.5秒造成18%攻击力的火焰元素伤害，持续3秒",蓄力炮，一层:单发炮弹，二层:双发更强炮弹，三层:三发超强炮弹
0,寒霜之雨,"
176
","
20
","轻型火炮,蓄力时间较短，普攻全伤害降低30%。一层:单发炮弹，二层:双发更强炮弹，三层:三发超强炮弹",角色被攻击时喷射寒气降低周围敌人70%攻击速度和移动速度，持续6.0秒。寒气喷射每15秒可以触发一次
0,爱酱炮,"
174
","
3
",蓄力炮，一层:单发炮弹，二层:双发更强炮弹，三层:三发超强炮弹,三层蓄力最后一炮打中的敌人，有66.7%概率陷入虚弱、减移速、加移速中的一种，持续5.00秒
0,合金·潜伏者加农,"
163
","
17
","【能量消耗：12】【冷却：9秒】
使用机械臂砸地打出多段震荡弹开敌人，每次造成90%攻击力的物理伤害",蓄力炮，一层:单发炮弹，二层:双发更强炮弹，三层:三发超强炮弹
0,合金·吞噬火炮,"
166
","
14
","【能量消耗：20】【冷却：15秒】
使用机械臂砸地释放异能冲击，产生多段爆炸击退敌人，每次对敌人造成158点火焰元素伤害",速射武器，使用光束对直线目标造成持续伤害持续攻击会过热。距离光束核心越近伤害越高，小于3米时达到最大伤害
0,独眼巨人初型,"
248
","
43
","超重炮,蓄力时间很长，普攻物理伤害提高100%。一层:单发炮弹，二层:双发更强炮弹，三层:三发超强炮弹;场上怪物不多于2个时，全伤害提高20%","击中时给敌人标记持续5秒的死亡爆裂状态;状态存在期间被标记的怪物被杀死会产生范围爆炸,对周围敌人造成400%攻击力的物理伤害。三段蓄力炮命中敌人时，对目标及周围敌人造成200%攻击力的物理伤害，冷却时间5秒"
0,地狱火Ⅲ型,"
285
","
22
","【能量消耗：49】【冷却：36秒】
喷射火焰，对前方敌人造成12*60%攻击力的火焰元素伤害和12*60%攻击力的物理伤害","轻型火炮,蓄力时间较短，普攻全伤害降低30%。一层:单发炮弹，二层:双发更强炮弹，三层:三发超强炮弹。对冻结和移动速度受损的敌人造成的全伤害提高20%"
0,潜伏者加农,"
234
","
28
","【能量消耗：18】【冷却：12秒】
使用机械臂砸地打出多段震荡弹开敌人并使其眩晕，每次造成120%攻击力的物理伤害，眩晕持续2.55秒;技能释放后获得暂时移动速度提高",蓄力炮，一层:单发炮弹，二层:双发更强炮弹，三层:三发超强炮弹
0,吞噬火炮,"
239
","
22
","【能量消耗：25】【冷却：20秒】
使用机械臂砸地释放异能冲击，产生多段爆炸击退敌人，每次对敌人造成214点火焰元素伤害，并点燃敌人，每0.5秒造成134点火焰元素伤害，持续4秒;技能释放后获得暂时移动速度提高",速射武器，使用光束对直线目标造成持续伤害持续攻击会过热。距离光束核心越近伤害越高，小于3米时达到最大伤害
0,融核动力剑·改,"
124
","
9
","【能量消耗：10】【冷却：9秒】
将剑戳向地面，击倒身边的敌人，造成400%攻击力的物理伤害",
0,混种大剑16式,"
126
","
5
",对眩晕、麻痹、时空减速状态的敌人造成的全伤害提高20%,
0,混种大剑27式,"
116
","
23
",将身前敌人挑飞，造成350%攻击力的物理伤害,
0,氮素结晶剑,"
168
","
31
",击中的敌人有8.0%概率被冻结2.15秒,
0,超重剑·冲锋,"
183
","
10
","【能量消耗：15】【冷却：8秒】
下劈发出地裂波，将沿途敌人浮空，造成450%攻击力的物理伤害",
0,电离共振剑,"
171
","
27
","【能量消耗：15】【冷却：10秒】
举剑释放电离能量，直接打击目标处小范围敌人，造成3*750点雷电元素伤害，并麻痹2秒",
0,超重剑·王蛇,"
185
","
7
",角色进入战斗时初始SP提高20点,
0,试做型脉冲大剑,"
153
","
19
","【能量消耗：8】【冷却：15秒】
强化武器，提高32%普通攻击(包括分支和蓄力)物理伤害，持续5秒",
0,异端审问会火炬,"
165
","
16
",攻击有11.11%概率对被击者周围造成305点火焰元素伤害,
0,深紫骑士,"
178
","
17
","【能量消耗：15】【冷却：7秒】
冲向目标直戳出一道剑风，对前方范围敌人造成3*145%攻击力的物理伤害",
0,绯红皇后,"
120
","
15
",当前HP百分比越低物理伤害越高，每损失1%HP获得0.60%物理伤害提高,
0,链齿大剑,"
173
","
24
","【能量消耗：14】【冷却：18秒】
锯齿加速运动，提升40.0%攻击速度与10%普通攻击(含蓄力)暴击率持续6秒",
0,爱酱锤,"
182
","
19
","【能量消耗：15】【冷却：15秒】
高举爱酱锤砸向地面，震开周围敌人，造成300%攻击力物理伤害有50%概率使敌人进入眩晕状态，持续3秒",
0,合金·天父大剑,"
163
","
17
","【能量消耗：18】【冷却：16秒】
向前方小角度范围进行激光扫射被扫到的敌人会依次产生爆炸，对周围小范围内的敌人造成536点火焰元素伤害",
0,合金·背叛者巨剑,"
169
","
10
","【能量消耗：12】【冷却：10秒】
连续发射6枚跟踪飞弹，分别对目标小范围敌人造成199%攻击力的物理伤害",
0,魔龙之脊,"
271
","
16
","【能量消耗：25】【冷却：25秒】
向目标跃起进行一次旋斩，对大范围敌人造成250%攻击力物理伤害并将其禁锢，禁锢持续4.5秒，期间流血造成每0.5秒240点伤害",攻击流血状态的敌人，每击回复40点HP
0,黎明审判,"
268
","
42
","【能量消耗：18】【冷却：24秒】
锯齿加速运动，提升50.0%攻击速度与25.0%普通攻击(含蓄力)暴击率，并增加自身抗打断，持续8秒",暴击时有25.0%概率以受击敌人为中心爆发雷圈，对敌人造成1800点雷电元素伤害并陷入脆弱状态4秒，脆弱期间敌人降低抗打断与50%防御力，最短触发间隔7秒
0,黑轩辕剑,"
250
","
25
","【能量消耗：22】【冷却：25秒】
8秒内物理伤害提高35%，效果持续时间内首次击杀敌人将触发8秒全局时空断裂，并将攻击提高效果延长至时空断裂结束",攻击命中时触发4.5秒的全局时空断裂，每60秒可以触发一次
0,天父大剑,"
234
","
28
","【能量消耗：24】【冷却：18秒】
向前方小角度范围进行激光扫射被扫到的敌人会受到多段每段89点火焰元素伤害，随后依次产生爆炸，对周围小范围内的敌人造成717点火焰元素伤害并点燃，每0.5秒造成89点火焰元素伤害，持续3秒",攻击附带95点火焰元素伤害
0,背叛者巨剑,"
245
","
15
","【能量消耗：18】【冷却：12秒】
连续发射6枚跟踪飞弹，分别对目标小范围敌人造成200%攻击力的物理伤害，受击者眩晕2.50秒",受到攻击时，有50%概率对目标造成160%攻击力的物理伤害。
0,十字架,"
76
","
8
","【能量消耗：12】【冷却：13秒】
召唤武器并展开:8秒内，每隔0.8秒对范围内随机敌人发射银弹,小范围爆炸造成400点物理伤害",
0,十字架·冰弹,"
121
","
14
","【能量消耗：14】【冷却：13秒】
召唤武器并展开:8秒内，每隔1.0秒对范围内敌人随机发射冰弹，小范围爆炸造成521点冰冻元素伤害，并降低目标攻击速度50%，持续0.8秒",
0,火焰弹发射台,"
102
","
55
","【能量消耗：15】【冷却：13秒】
召唤武器并展开:8秒内，每隔0.6秒对范围内随机敌人发射火焰导弹，小范围爆炸造成482点火焰元素伤害",
0,破甲弹发射台,"
128
","
2
","【能量消耗：15】【冷却：13秒】
召唤武器并展开:8秒内，每隔0.9秒对范围内随机敌人发射破甲导弹，中等范围爆炸造成750点物理伤害",
0,冰霜之誓,"
116
","
50
","【能量消耗：18】【冷却：12秒】
召唤武器并展开:7秒内，范围内己方角色每击附加120点冰冻元素伤害",
0,烈火之誓,"
123
","
10
","【能量消耗：20】【冷却：12秒】
召唤武器并展开:6秒内，范围内敌人被点燃，每隔0.5秒受到450点火焰元素伤害",
0,黑色粉碎者,"
182
","
12
","【能量消耗：8】【冷却：12秒】
召唤武器并展开:6秒内，每1.5秒会对地面敌人进行一次向下的重击，每下造成1085点火焰元素伤害",
0,火天使,"
185
","
10
","【能量消耗：20】【冷却：15秒】
召唤武器并展开:7秒内，每隔0.8秒对范围内随机敌人发射穿透式火球，火球对敌人造成680点火焰元素伤害并将其点燃，3秒内每0.5秒造成160点火焰元素伤害",
0,雷天使,"
168
","
31
","【能量消耗：15】【冷却：15秒】
召唤武器并展开:6秒内，每1.5秒进行一次电磁爆发，对范围内敌人造成840点雷电伤害，并麻痹0.7秒",
0,爱酱糖,"
178
","
17
",召唤爱酱糖并展开:8秒内，每隔0.8秒掉落糖果，落地爆炸，对小范围内敌人造成666点物理伤害,
0,银色切割者,"
268
","
29
","【能量消耗：25】【冷却：14秒】
召唤武器并展开:6秒内，以每秒3段的频率自动选择范围内敌人进行切割，每段造成666点物理伤害，并使敌人进入虚弱状态，5秒内降低50%攻击力",对虚弱状态敌人全伤害提高35%
0,杰克灯笼,"
226
","
22
","【能量消耗：14】【冷却：12秒】
召唤武器并展开:8秒内，每隔0.6秒随机在范围内敌人处生成一枚南瓜炸弹，延时爆炸，对范围内敌人造成685点火焰伤害",
0,CAS-II 浪子,"
166
","
13
","【能量消耗：10】【冷却：10秒】
打出一道冲击，对前方直线
范围敌人造成450%攻击力的物理伤害",
0,CAS-X 圣徒,"
172
","
21
",击中时有17.0%概率额外造成700点火焰元素伤害。,
0,白星驱逐者,"
173
","
20
","【能量消耗：12】【冷却：14秒】
在自身周围引发上升气流，
对敌人造成450%攻击力的物理伤害并浮空敌人",
0,百鸟问天,"
268
","
40
","【能量消耗：5】【冷却：16秒】
获得强化，期间全队获得的
治疗量提高30%，角色自身攻击速度提高40%，持
续8.0秒",攻击的SP回复速度提高25%
0,断光之努亚达,"
279
","
32
","【能量消耗：4】【冷却：20秒】
对前方敌人造成600%攻击力的物理伤害，对敌人施加浮空效果并使被击中的敌人流血，期间每0.5秒受到500点物理伤害,持续8.0秒。",雷电元素伤害提高40%
0,星环漩涡,"
257
","
23
","【能量消耗：14】【冷却：20秒】
将目标拉至身前，对其造成450%攻击力的物理伤害并使其移动速度降低80%，持续5秒","分支攻击命中时，对角色周围敌人造成2500点物理
伤害，冷却时间1.5秒"
0,M134火神机枪,"
281
","
35
","【能量消耗：5】【冷却：15秒】
10秒内角色暴击率提高10%，暴击伤害提高25%，且攻击不会过热，但每秒会消耗相当于自身2%生命上限的生命值。",速射武器，对直线目标造成持续伤害，持续攻击会过热。目标距离角色越近受到的伤害越高，小于3米时达到最大伤害；蓄力攻击暴击时对目标周围小范围敌人造成50%攻击力的物理伤害，最短触发间隔为0.3秒。
0,埃琉德尼尔,"
275
","
36
","[SP消耗:20][冷却:18秒]召唤武器并展开:10秒内，
范围内己方角色对眩晕状态敌人物理伤害提高30.0%，
并每隔1.5秒随机向范围内敌人发射光束弹，范围
爆炸造成320 .0%攻击力物理伤害并击倒敌人，第一
击使敌人进入眩晕状态，眩晕持续6.00秒。",角色攻击对眩晕状态的敌人全伤害提高40%。
0,残火之鸢,"
283
","
24
",被处于点燃状态或被附加离火的敌人攻击时，完全抵挡该次攻击，每40秒可以触发一次。角色所有元素伤害提高20%，火焰元素伤害额外提高20.0%,对处于点燃状态或被附加离火的敌人造成伤害时，有20%的概率对其额外造成30 0%攻击力的火焰元素伤害，该效果对每个敌人有1.5秒的最短触发间隔
0,妖刀·赤染樱,"
287
","
31
","【能量消耗：20】【冷却：21秒】
斩击周围敌人造成共500%攻击力的火焰元素伤害，使用技能时角色无敌，若期间受到过攻击则最后一段斩击额外造成200%攻击力的火焰元素伤害。之后，角色获得在5秒内完全抵挡一次攻击伤害的效果
真炎幸魂装备时，被该技能命中的敌人受到的火焰元素伤害提高25%，冰冻和雷电元素伤害提高10%，持续15秒（不与分支追击相应效果叠加）",角色攻击造成的火焰元素伤害提高40%
0,异型·赫尔之弓,"
287
","
31
","【能量消耗：16】【冷却：18秒】
向目标下落光束攻击，范围内造成9*60.0%攻击力物理伤害并使敌人进入冻结状态，持续5.00秒",暴击率提高5.0%，角色攻击对眩晕与冰冻敌人物理伤害提高40.0%
0,幽色咏叹调,"
275
","
27
",攻击被时空减速的敌人时，对目标即附近敌人造成1000点物理伤害和1500点冰冻元素伤害，冷却时间5.0秒,角色物理和元素伤害提高15%。出场时，额外提高角色全伤害50%，持续5.0秒。角色在场时每过30秒会再次触发一次该增益。使用必杀技时会重置冷却时间并立即触发该增益
0,永暮双狼,"
283
","
24
","【能量消耗：11】【冷却：30秒】
开启后，持续释放冲击，每0.5秒对敌人造成50%攻击力的物理伤害，并使角色受到的来自侧后方的伤害降低65%，持续10.0秒",攻击命中敌人时角色造成的物理伤害提高3.0%，持续3.0秒，最多叠加10次。每层效果独立计算持续时间。对处于时空减速、攻击速度降低、移动速度降低状态的敌人暴击率提高10%
0,教父霸王拳,"
230
","
11
","【能量消耗：18】【冷却：35秒】
吸引周围敌人，并将其麻痹5.0秒。释放该技能后5秒内下一次攻击时会对目标及其周围敌人额外造成1000%攻击力的物理伤害，并将其击飞",连击数大于50时，防御力提高40%。对生物属性敌人造成的全伤害提高20%
0,雷刀·鬼角,"
264
","
47
","【能量消耗：12】【冷却：25秒】
发射出鬼火附身目标，每0.5秒对目标及其周围敌人造成640点雷电元素伤害，持续8秒",角色造成的全伤提高30%。爆发状态下命中敌人时候使其陷入感电状态，受到的雷电元素伤害提高60%，持续7秒
0,超维☆奏鸣曲,"
271
","
38
","【能量消耗：8】【冷却：20秒】

召唤武器并展开：10秒内，射出能量光束切割敌人，每击造成250%攻击力的火焰元素伤害。十字架展开范围内所有友方角色造成的元素伤害提高15.0%",爆发状态下，角色造成的全伤害提高40%
0,2nd圣遗物,"
254
","
59
",攻击的SP回复速度提升35%,击中时附带50点雷电元素伤害，角色每25点当前能量值会提升10%暴击伤害，最多叠加8次。
0,开天剑,"
289
","
17
",[能量消耗:20][冷却:18秒]对周身敌人造成多段共400%攻击力的物理伤害，最后一击击中使敌人进入脆弱状态，降低70%防御力，持续6秒,发动极限闪避时会向攻击者落雷，对小范围内敌人造成150%攻击力的雷电元素伤害并麻痹3秒
0,空无之钥,"
264
","
37
","【能量消耗：5】【冷却：16秒】
对角色前方敌人释放三段间隔较远的能量冲击，造成每段200%攻击力的物理伤害并浮空敌人，同时生成空间核心。空间核心随后爆炸会造成300%攻击力的物理伤害。空之律者使用时，生成的空间核心及爆炸可以享受到空之律者自身技能加成，且将额外造成150%攻击力的物理伤害并恢复60点律者能量",角色造成的物理伤害提高20%，暴击伤害提高30%
0,赫朗格尼尔,"
278
","
27
","【能量消耗：12】【冷却：20秒】
跃身而起在目标处直接下落，对目标周围敌人造成700%攻击力的冰冻元素伤害。落地后，角色攻速提高30%，持续10秒","角色造成的全伤害提高25%,攻击冻结、移动速度降低或攻击速度降低的敌人时，有25%概率额外造成150%攻击力的冰冻元素伤害，额外伤害对每个目标有1秒的最短触发时间"
0,苍玄之书,"
272
","
38
",对处于点燃、脆弱、减速状态的敌人造成的全伤害提高20%,"[能量消耗:6] [冷却:8秒]
武器在火、雷、冰三元素间变形切换，分别使用相应元素蕴含的力量毁灭敌人。
火：蓄力发射火球，击中时点燃敌人，每0.5秒造成400点火焰元素伤害，持续6秒。

雷：蓄力释放充能雷珠自动寻找敌人爆炸，击中有15%概率造成150%雷电元素爆炸并使敌人进入脆弱状态，降低60%防御力，持续3秒。

冰：发射持续的冰雾，减缓敌人50%的移动与攻击速度，持续3秒。且有2%概率使敌人进入冻结状态，持续3秒。"
0,爱酱的拐杖糖,"
221
","
26
",暴击时在脚下掉落三个姜饼小人，延迟爆炸分别造成150%攻击力物理伤害，冷却时间8秒,连击数大于10时，元素伤害提高15%
0,灵刀·樱吹雪,"
289
","
29
",[SP消耗:15][冷却:12秒]向前方冲刺一段距离，对途经的目标造成400%攻击力的物理伤害，对带有绯樱标记的敌人造成3.5秒眩晕，「逆神巫女」装备时，还会对命中的敌人施加绯樱标记。,攻击时有100%的概率释放一个向前的刀波，刀波造成200%攻击力+1920点的物理伤害，刀波冷却时间4.8秒；逆神巫女装备时，刀波对敌人进行一次绯樱计数，刃返命中敌人时，会立即重置刀波的冷却时间。
0,,"

","

","【能量消耗：18】  【冷却：25秒】
给全场友方(包括分身)召唤灵体刀刃保护层，提高50%防御，并对切割到的敌人造成每0.25秒320点雷电元素伤害，持续6.00秒",角色受到直接或间接伤害(点燃流血等)时，有40%概率降低600点受到的伤害
0,游骑兵手炮,"
240
","
15
","【能量消耗：20】  【冷却：30秒】
10秒内每一秒释放一次以角色为圆心的火焰冲击，造成800点火焰元素伤害，期间角色极限闪避成功时会立即释放强力火焰冲击，造成4000点火焰元素伤害。被火焰冲击命中的敌人有10%概率眩晕2秒","对眩晕敌人造成的全伤害提高35%
【游骑兵】角色受到的冰冻元素伤害降低20%，队伍中有其他装备游骑兵系列角色时，角色攻击造成的火焰元素伤害提高20%"
0,游骑兵腕甲,"
245
","
11
","【能量消耗：5】  【冷却：20秒】
消耗相当于自身15%生命上限的生命值，在9秒内提高角色造成的全伤害30%","角色离场时，所有队友造成的物理伤害提高20%，持续7秒
【游骑兵】角色受到的冰冻元素伤害降低20%，队伍中有其他装备游骑兵系列武器的角色时，角色自身上场时暴击率提高25%，持续7秒"
0,游骑兵激光,"
238
","
16
","【能量消耗：14】  【冷却：30秒】
11秒内角色造成的物理伤害提高12%，移动速度降低60%，取消距离对武器的伤害衰减","使用光束对直线目标造成持续伤害，持续攻击会过热 距离光束核心越近伤害越高，小于3米时达到最大伤害。极限闪避成功时，重置过热量并提高角色攻击速度50%，持续2秒，该效果每8.0秒可以触发一次
[游骑兵]角色受到的冰冻元素伤害降低20%，队伍中有其他装备游骑兵系列武器的角色时，极限闪避成
功时，额外回复2点能量"
0,游骑兵十字架,"
240
","
20
","【能量消耗：15】  【冷却：15秒】
召唤武器并展开：8秒内，每0.75秒发射一个火焰圆盘降落在随机目标处，造成5*233点火焰元素伤害，并使敌人进入点燃状态，每0.5秒受到80点火焰元素伤害，持续3秒","角色击中点燃状态的敌人时额外造成160点火焰元素伤害
【游骑兵】角色受到冰冻元素伤害减少20%，队伍中有其他装备游骑兵系列武器的角色时，展开的十字架火焰伤害提高40%"
0,游骑兵锯齿,"
243
","
12
","【能量消耗：30】  【冷却：30秒】
15秒内角色移动速度降低60%，受到物理伤害降低25%，元素伤害降低25%，且每秒对周围敌人造成600点火焰元素伤害","被攻击时有50%概率对周围所有敌人造成120%攻击力的物理伤害，每0.25秒可以触发一次
【游骑兵】角色受到的冰冻元素伤害降低20%，队伍中有其他装备游骑兵系列武器的角色时，角色攻击造成的物理伤害提高12%"
0,狂怒者重炮,"
114
","
25
",超重型火炮，蓄力时间很长，普攻物理伤害提高100%。一层：单层炮弹，二层：双发更强炮弹，三层；三发超强炮弹,
0,粽叶手弩,"
231
","
10
",轻型火炮，蓄力时间较短，普攻全伤害降低30%。一层：单层炮弹，二层：双发更强炮弹，三层；三发超强炮弹。被第二层和第三层蓄力命中的敌人移动速度和攻击速度降低40%，持续7秒,全体队友攻击移动速度或攻击速度降低的敌人时，回复25点生命，每5秒可以触发一次
0,晓月镇魂歌,"
275
","
27
","【能量消耗：7】  【冷却：22秒】
召唤武器并展开: 10秒内，对进入武器影响区域的敌人施加标记，被施加标记的敌人每秒受到150%攻击力的冰冻元素伤害，持续10秒。敌人进入和离开武器影响区域时，立即受到400%攻击力的冰冻元素伤害，该效果有0.5秒的最短触发间隔",蓄力攻击命中时，对目标及附近敌人造成1000点物理伤害和1500点冰冻元素伤害，冷却时间5秒
0,爱酱的针筒,"
173
","
7
","【能量消耗：7】  【冷却：15秒】
巨型水晶从天而降，击倒前方敌人并使其移动速度降低70%，持续7秒",击中时附带43点冰冻元素伤害
0,血手圣徒,"
277
","
33
",普通攻击、爆发攻击击中敌人时，召唤轨道支援攻击，对目标及其周围敌人造成450%攻击力的物理伤害，支援攻击每6秒可以触发一次。原罪猎人使用时，额外对当前目标施加持续13秒的追猎标记,每次发动圣罚技能的轨道支援攻击，角色物理伤害提高7%，持续25秒，最多叠加6次，重复触发刷新持续时间。角色离场时，加成效果结束
0,,"

","

",普通攻击,
0,零落,"
225
","
15
",【能量消耗：13】【冷却：14秒】攻击周围敌人，造成200%攻击力的物理伤害，并使被命中的敌人进入流血状态，期间每0.5秒受到20%攻击力的物理伤害，持续5秒,攻击流血状态的敌人时，暴击率提高10%，暴击伤害提高15%
0,阿芙洛狄忒,"
279
","
29
","【能量消耗：13】 【CD：8秒】
闪至目标敌人背后，对周围所有敌人造成400%+8*50%攻击力的物理伤害",角色造成的物理伤害提高20%。普通攻击命中时，对自身周围敌人造成200%攻击力的物理伤害，每4秒可以触发一次，该效果对机械敌人暴击率提高100%
0,神陨剑·史尔特尔,"
275
","
27
",爆发攻击命中敌人时，使角色造成的全伤害提高5%，持续10秒，该效果每1秒可以触发一次，最多叠加4次，重复触发刷新持续时间,角色的能量回复速度提高15%，攻击速度提高15%，全伤害提高25%
0,基因收割者,"
275
","
30
",[能量消耗:15][冷却:20秒]每0.5秒释放毒素，对周围所有敌人造成100%攻击力的雷电元素伤害，持续4.9秒，之后释放强力毒雾，对周围所有敌人造成700%攻击力的雷电元素伤害。,根据角色的移动速度加成提高角色攻击造成的物理和元素伤害，每10%移动速度加成提高5.0%伤害（伤害加成最高可达35%）；角色的移动速度提高20%。
0,黑铁,"
249
","
27
",【能量消耗：15】【冷却：20秒】获得一个被敌人攻击时可吸收自身12%最大生命值全伤害的护盾，护盾存在期间，角色每秒回复22.0点生命值，且造成的全伤害提高10.0%，护盾存在10秒,当前生命值百分比越高全伤害越高，每10%生命值获得1.20%全伤害提高
0,黑曜切割,"
163
","
27
",【能量消耗：10】【冷却：12秒】击倒面前敌人，造成350%攻击力的物理伤害，并使角色普通攻击时每击附带70.0点火焰元素伤害，持续10.0秒,
0,群青风暴,"
160
","
16
",每次攻击命中敌人时，提高角色攻击速度2.00%，持续7.0秒，最多叠加10次,
0,赤钢,"
160
","
16
",【能量消耗：15】【冷却：20秒】获得一个被敌人攻击时可吸收自身10%最大生命值全伤害的护盾，护盾存在期间，角色每秒回复15.0点生命值，且造成的全伤害提高10.0%，护盾存在10秒,
0,命运钟刻,"
160
","
16
",【能量消耗：13】【冷却：30秒】2秒内，对大范围内的敌人持续施加强力的时空减速，并提高角色攻击速度和移动速度30%，持续5秒,
0,恒霜之斯卡蒂,"
285
","
24
",【能量消耗：4】【冷却：22秒】攻击周围大范围内敌人，造成7*120%攻击力的冰冻元素伤害，受影响的敌人在8秒内首次攻击武器持有者时，该次攻击会被格挡，造成的全伤害降低30%,角色全伤害提高20%，苍骑士·月魂装备时，攻击命中处于冰蚀状态的敌人时，回复自身2点能量，冷却时间4秒。
0,翠羽落花,"
223
","
16
",攻击命中敌人时掉落崩坏能，拾取后回复全队30点生命值，冷却时间3秒,全队队友拾取血量包时，造成的全伤害提高15%，持续6秒。该技能唯一生效，不可叠加
0,破晓者·塔尔瓦,"
275
","
27
",【能量消耗：10】【冷却：30秒】前冲攻击敌人，造成900%攻击力的物理伤害，之后角色每0.5秒回复4点SP，持续8秒,必杀技和爆发状态下攻击全伤害提高10%，暴击率提高10%。角色战斗中能量初始值提高16点，该效果在开放世界中无法触发
0,碎星者·维克兰特,"
275
","
27
",[能量消耗:21][冷却:30秒]制造一个持续7秒的力场，使敌人移动速度降低50%，每1秒受到150%攻击力的物理伤害，且会被缓慢拉向力场中心。如果敌人未被施加虚弱状态，还会陷入持续3秒的虚弱状态，攻击力降低10%。,速射武器，对直线目标造成持续伤害，持续攻击会过热。目标距离角色越近受到的伤害越高，小于3米时达到最大伤害；角色战斗中最大生命值提高15%，全队角色对虚弱状态的敌人造成的全伤害提高15%。
0,天鹅湖,"
274
","
31
",【能量消耗：18】【冷却：30秒】在前方激发两次爆炸，造成50%+300%+500%攻击力的物理伤害，第二次爆炸会使敌人进入脆弱状态，防御力降低50%，持续8秒，可充能2次。蓝莓特攻触发强力突进斩时，立即获得一次充能，且下一次使用晶铁利刃时会返还9点SP,必杀攻击命中时，提高角色40%物理伤害和40%暴击伤害，持续9秒
0,睡美人,"
283
","
24
",【能量消耗：12】【冷却：25秒】提高角色20%暴击率和50%暴击伤害，持续10秒，期间若角色生命值低于最大值的50%，每0.5秒回复20点生命值,蓄力攻击对敌人额外造成120%攻击力的物理伤害，该效果对每个敌人每1秒可触发一次。角色的抗打断力提高，防御力提高30%
0,童谣,"
275
","
31
","【能量消耗：4】【冷却：18秒】攻击前方敌人，造成550%攻击力的物理伤害，对敌人施加持续2.5秒的强力时空减速，并使其抗打断力降低，持续8秒。爆发状态下使用该技能时，额外造成300%攻击力的物理伤害。

幻海梦蝶使用时，若自身处于 爆发状态，则立即回复250点暗影值；若不处于爆发状态，则使自身进入相位穿行状态。",角色攻速提高20%。从后方击中敌人时，角色获得强化，全伤害提高15%，持续6秒，重复触发刷新持续时间。
0,蓝色梦泡泡,"
232
","
10
",蓄力炮，一层：单发炮弹，二层：双发更强炮弹，三层：三发超强炮弹。蓄力攻击第三层击中敌人时，使其移动速度降低40%，持续5秒,对移动速度降低的敌人造成的物理伤害提高20%
0,真理之钥,"
294
","
19
",【能量消耗：5】【冷却：25秒】构造武器攻击敌人，造成500%+9*85%+300%攻击力的冰冻元素伤害，最后一击将其冻结6秒；使用后角色造成的全伤害提高35%，持续7秒。理之律者使用时，主动技能会使敌人进入持续7秒的解析状态，使用必杀技时，立即恢复5点能量值,蓄力炮，一层：单发炮弹，二层：双发更强炮弹，三层：三发超强炮弹。角色造成的冰冻元素伤害提高30%
0,极夜之赫卡忒,"
264
","
40
",【能量消耗：6】【冷却：21秒】召唤武器并展开：击倒范围内敌人并对其造成200%攻击力的物理伤害，且8秒内持续落下刃片攻击敌人，每0.2秒对范围内敌人造成75%攻击力的物理伤害并提高1连击数,角色全伤害提高20%，普通攻击、蓄力攻击、武器技，必杀攻击每击中敌人10次，使自身和十字架对其造成的物理伤害额外提高2.5%，可叠加10次
0,万圣颂灵枪,"
231
","
10
","【能量消耗：15】【冷却：25秒】在自身周围召唤三个南瓜爆弹，每个爆弹对周围敌人造成300%攻击力的火焰元素伤害
万圣节虚数迷阵中：5秒内，每秒在自身周围召唤3个南瓜爆弹，个爆弹对周围敌人造成500%攻击力的火焰元素伤害","南瓜爆弹标记被击中的敌人，持续7秒。攻击被南瓜爆弹标记的敌人时，暴击率和暴击伤害提高10%
万圣节虚数迷阵中：。攻击被南瓜爆弹标记的敌人时，暴击率和暴击伤害再提高45%"
0,天穹撕裂者,"
275
","
32
",【能量消耗：18】【冷却：18秒】击中目标时，造成500%攻击力的范围物理伤害，并使敌人获得脆弱效果，防御降低40%，持续12秒，同时使角色获得持续5秒的铁之意志，期间抗打断力大幅提高，分支攻击每次可以使敌人的防御额外降低4%（触发冷却时间0.4秒），最多叠加5次，并刷新脆弱持续时间。,铁之意志期间暴击伤害提高50%，对护盾伤害提高50%，铁之意志状态消失后，将获得6秒意志传承状态，意志传承状态期间若角色离场则全队近战暴击伤害提升40%，持续12秒。
0,彼岸之扉,"
278
","
29
",角色造成的物理伤害提高20%，彼岸双生使用时，标记造成的全伤害提高30%,角色出场或使用必杀技时，立即回复自身200点生命值，并使自身获得强化，暴击率提高10%，暴击伤害提高30%，持续10秒
0,袖缠云,"
294
","
16
",【能量消耗：25】【冷却：24秒】10秒内，角色抗打断力提高，攻击速度提高10%，每0.5秒消耗当前1%生命值并回复3点能量值。云墨丹心使用时，立即重置闪避技能的护体效果,符华角色每次使用招式连段攻击的最后一击命中敌人时，提高角色全伤害6%（可叠加3次），持续15秒，并获得一层计数（最多3层），该效果每2秒可以触发一次，重复触发刷新持续时间。角色离场时，每层计数会使队伍中其他角色全伤害提高4%，持续15秒（重复触发刷新持续时间），并清空计数
0,晨曦荣辉,"
287
","
21
",【能量消耗：0】【冷却：25秒】发动一次突刺攻击，造成50%攻击力物理伤害。如果击中非无敌/霸体状态敌人，则发动投技攻击，控制住敌人并造成共90%攻击力物理伤害+1500%攻击力的火焰元素伤害；在敌人特定招式期间，武器按钮闪光时，可无视所有条件发动反击投技，控制敌人并造成20%攻击力物理伤害+800%攻击力的火焰伤害，不计入冷却时间；投技命中敌人时，在自身周围形成持续11秒的火焰光环，使周围敌人受到的火焰元素伤害提高15%，并每0.5秒对其造成35%攻击力的火焰元素伤害,普通攻击和蓄力攻击命中敌人时，强化角色，使角色造成的火焰元素伤害提高4%，持续8秒，最多叠加10次，每层效果独立计算持续时间。必杀技或投技命中敌人时，立即获得10层强化
0,耀星,"
275
","
29
",【能量消耗：0】【冷却：25秒】发动一次突刺攻击，造成50%攻击力物理伤害。如果击中非无敌/霸体敌人，则发动投技攻击，控制敌人并造成共90%+1200%攻击力物理伤害；在敌人特定招式期间，武器按钮闪光时，可无视所有条件发动反击投技，控制敌人并造成20%+600%攻击力物理伤害，不计入冷却时间；成功触发投技后，角色获得炎缠守护，受到全伤害降低30%，持续10秒,火焰元素伤害提高15%，对点燃状态敌人火焰元素伤害提高35%
0,神火试炼,"
283
","
24
",使用必杀技后10秒内和爆发状态中，角色攻击命中敌人时，额外造成60%的火焰元素伤害，额外伤害对每个敌人每1秒只能触发一次,必杀技和爆发状态攻击全伤害提高35%
0,永寂之赫勒尔,"
287
","
21
",【能量消耗：0】【冷却：25秒】发动一次突刺攻击，造成50%攻击力物理伤害。如果击中非无敌/霸体敌人，则发动投技攻击，控制敌人并造成共90%+1200%攻击力物理伤害；在敌人特定招式期间，武器按钮闪光时，可无视所有条件发动反击投技，控制敌人并造成20%+700%攻击力物理伤害，不计入冷却时间；爆发状态下，投技额外造成500%攻击力的物理伤害。辉骑士·月魄装备时，触发防御反击时，自身暴击率提高20%，持续3秒,角色的暴击率提高15%，蓄力攻击和投技会标记敌人，攻击被标记的敌人时，暴击伤害提高20%。爆发状态下，每2.5秒释放一次冲击，造成60%攻击力的物理伤害，该攻击的类型视为必杀技，有50%的额外暴击率，且会标记被击中的敌人。标记持续10秒
0,等离子长枪,"
161
","
28
",【能量消耗:0】【冷却:25秒】发动一次突刺攻击，造成50%攻击力物理伤害。如果击中非无敌/霸体状态的敌人，则发动投技攻击，控制敌人并造成共90%+1000%攻击力物理伤害；在敌人特定招式期间，武器按钮闪光时，可无视所有条件发动反击投技，控制敌人并造成20%+500%攻击力物理伤害，不计入冷却时间；成功触发投技后，自身全伤害提升20%，持续15秒,
0,骑士枪,"
124
","
10
",【能量消耗:0】【冷却:25秒】发动一次突刺攻击，造成50%攻击力物理伤害。如果击中非无敌/霸体状态的敌人，则发动投技攻击，控制敌人并造成共90%+1000%攻击力物理伤害；在敌人特定招式期间，武器按钮闪光时，可无视所有条件发动反击投技，控制敌人并造成20%+500%攻击力物理伤害，不计入冷却时间,
